source_id,transit_reference_time,transit_period,transit_depth,transit_duration,ra,dec,parallax,phot_g_mean_mag
4906145613282734208,2171.8390384331396,0.6915629322268326,14.640733,0.07792542,5.6185189760124015,-59.94258995385615,2.9122785617896505,12.073773
3435282862461427072,2252.683603272631,0.8353660574063555,19.006577,0.04282023,97.6366447703347,29.67226537027133,2.4212933800707614,11.498614
2102117871259036672,2250.579292737783,0.9326618168252191,8.263827,0.108016446,288.58149231051897,41.08973056538066,1.0318944321892676,12.854568
4287820848378092672,2173.0731965183927,1.2899730395634732,26.178923,0.12269424,291.7770452207228,1.3836617432734073,4.689528477580811,12.236511
1757302881526250496,2308.5653343820804,1.1986527143490717,10.904112,0.11812449,315.9054901279951,11.98936655351918,1.321517735698301,12.981092
846946629987527168,2163.648953545585,2.8549404744911064,13.47187,0.08366295,155.68145370147047,50.12872314718098,12.27305537594609,9.525489
1334573817793362560,2192.312123608749,6.454527851287677,24.789534,0.09607157,256.34637374627954,33.01231999522879,6.1862524703442,12.358197
2133599775377340672,2208.014222148339,3.0360992197225007,14.799976,0.046761,286.24344650669525,50.04036753869247,1.135090825854849,13.347803
2562569564026683520,2219.6243181084888,0.7508578550994511,5.669346,0.037827365,19.550586423134728,2.702782690135657,2.5854205890425495,10.918823
2323985539482908416,2299.9589702062767,1.0682505261133841,14.86971,0.13219108,354.1687107845069,-34.61130544226655,4.2443413404097505,11.39399
5583523425437258240,2215.3053359951855,0.5439394269054197,15.387405,0.074184,101.11491919531099,-32.85838790104288,2.772145517921417,12.517786
4919771654727611008,2188.384054928885,1.623165822620439,9.737176,0.037086543,6.7026454964554425,-56.316101123846344,2.203254882678662,13.515613
6077185317188247936,2117.9365759602265,1.1150509578287728,7.461273,0.036193322,185.32468176228136,-52.840815720867845,3.3231349951097027,10.710564
2134884520357421824,2196.9054864262353,1.0050655302725737,25.356405,0.1441518,296.5073736919503,49.457229384010674,0.7893575184924194,14.122548
5348534425968598400,2193.151612878004,3.7463005282283746,18.638151,0.18889768,169.95862789762737,-51.86607157774204,3.764358181816279,10.568367
4223507222112425344,2173.1691869676506,2.162442695268575,36.04514,0.08278802,303.1667810972023,-2.144443991289358,20.114144569307776,11.268544
6042793005779654656,2034.839954814754,2.51407884151247,19.431524,0.061585154,239.96224651050218,-28.06179545933235,2.4810762811997153,11.383261
316706322857704960,2298.7576999042335,0.7026073759722329,19.152136,0.00039240532,21.06512357487729,32.81069773470681,2.2498961869686678,13.271101
3465357945752055040,2172.5974667357764,1.079528893590837,2.520029,0.13211599,176.62831718559374,-33.86007701540599,1.679949519097242,13.64414
1797039953308437376,2364.1291817921915,0.8348220994106157,28.178753,0.07139876,323.0544255380596,22.869794638178277,2.448935996406858,14.283874
1928431764627661440,2202.2215268957075,32.8515111695138,13.067947,0.1250878,344.4453689393576,38.67491310096084,6.243808085100974,10.18196
6778662809294560896,2133.1628796084656,0.8454800635801007,6.0140243,0.13290319,314.575439643607,-35.79662367146288,1.8071615160760892,12.7044525
2657135741633337088,2151.4722100568124,4.107282211360743,11.418763,0.23100777,349.0634650613369,0.30668797901134576,2.170341511032486,12.618177
4270547520706275328,2269.032208617645,1.1070886888748657,12.840414,0.1250889,274.3732706820328,-3.3810600969386,3.325295348461156,12.391885
4535127268607000320,2214.606940842723,2.5978749383004702,24.472748,0.09054688,278.54792222137,22.152320957059842,1.2407706618650738,12.5841875
5431056347037926784,2220.659417945117,2.2086268966583473,17.226484,0.07942385,141.2785749347964,-36.57952297802075,1.2160973577465655,12.788467
460792064645351168,2122.1639923266175,0.996939396054114,10.477383,0.09174637,42.19285932718907,57.189630137724514,1.202858864143699,12.904563
1587399232335653760,2215.515819042018,2.743710044722474,9.957209,0.10418478,224.8728600560122,46.960098488386336,2.2748749052155945,11.599696
1159042833731813760,2228.32574106589,1.8242516007807796,24.352198,0.103735834,221.05827114266725,5.605372815756192,3.2113718368105397,13.516322
6533307957785865856,2219.0934889384685,0.6190838796748572,7.076557,0.12355767,359.3490290801744,-41.277222460390966,3.1883026792687166,11.987861
1864885215233116032,2203.8143098946257,0.9689828586932296,13.955157,0.09331613,314.2685235688607,31.661018862270623,2.2471544556728515,11.789706
2868528637464028160,2177.635675644715,0.5075214681581031,2.8912096,0.07289169,356.66671846833805,31.155910632556136,2.3242724144737315,12.010265
2885350546895266432,2250.4495834058835,0.5966337921447196,20.773092,0.045584027,94.44475796632307,-35.70636280093693,1.3419560996332598,14.473876
596931979481073152,2210.0131675351754,30.06614552014432,14.372538,0.26117694,133.32429852119304,8.523017662194398,3.636243218452784,11.744914
1750321012752775040,2225.500176991716,0.6705738771240427,4.8701253,0.1178648,313.6872919470238,9.17906800653423,1.6662909287584977,11.931145
2937583121652951936,2160.0224715675754,0.5297255491929631,15.40032,0.0057520038,94.11209141777051,-22.54688202798068,2.3866319132205556,13.273405
1827242816201846144,2279.34713971413,1.661405549094534,18.383198,0.17499705,300.1821218062407,22.709741105168273,50.56684941372739,7.428371
5656896924435896832,2409.637050898907,3.302618976848641,9.495648,0.1971413,144.9268589647203,-28.585600934253883,1.1949500390509085,12.827957
5380888758195682944,2256.7679748765477,1.234827062469901,10.616508,0.111392885,176.29905398461193,-42.06395766717902,3.173541535453388,11.804166
4746157737910069888,2176.0491764994035,0.6585272696142347,7.278917,0.01028918,36.77582430600215,-50.28442125466812,6.3408949472178335,10.031728
2416782701664155008,2004.0849017019843,1.6088810232483306,9.912692,0.08859607,4.603046331873172,-15.267407823033842,3.9574082355761,10.993513
4368717970447788800,2321.3561858301,1.7921146953405016,16.272009,0.1448997,264.7883345384524,-3.5361812448170746,1.3631089630317794,13.386894
1218568950151657216,2203.6249953705797,1.4742087184703612,21.803856,0.07520827,238.79906784039034,23.406628078877286,1.639978244762403,14.569056
1779546757669063552,2218.579298198004,0.899005699696136,17.859093,0.056924038,330.79502626424147,18.88423938290383,20.76938988528237,7.5212455
2498515516990171392,2177.193604803505,0.7579087780994679,9.067765,0.053684056,41.63916136793077,-0.4641300608681966,2.441586885175443,11.680991
915921914974730368,2178.3881392441067,1.1571261614653845,10.929775,0.13294739,126.6505100556259,41.939608284142224,2.463189538915828,13.339594
3652176997218325888,2191.1659629949672,2.651113467656416,22.567814,0.055653553,221.94388271400047,1.0650252096971962,2.625673179907348,12.537645
1962153854973972096,2238.092740459039,11.142061281337048,7.8610907,0.24651891,335.51292167392506,45.45734141046544,2.0534180420700974,11.4148245
6805886373600546176,2159.2417384241367,0.5768210239726818,10.256999,0.036735374,312.45748948972295,-24.428691715935315,2.3594934634891396,11.882881
2726339892542980864,2280.400586051699,0.8034064433196755,6.3536115,0.11734384,327.6656944963982,10.462937277691182,1.9620371965733072,12.513289
2262322556576778752,2175.0677993842332,0.5483658697082693,17.358032,0.051179115,284.4439031122491,69.57083679804678,1.80278560979712,12.69226
6171009049549197824,2220.9362230774286,3.3041467041136627,8.847526,0.07916881,208.92801253850732,-32.159714851030635,3.489131702650141,10.797681
1464700950221781504,2166.8021070945438,3.225182222795588,4.932261,0.18170968,195.98183545376395,30.640147243322442,4.106155806711664,10.197724
5603100779728361088,2204.8612677701517,1.6941399698443087,13.881809,0.041812908,108.45239926748326,-33.43734663121813,1.2375778593752944,13.549922
4596481632339898240,2183.081078002105,0.7259949761147653,15.226698,0.050825723,267.2848817436593,29.8790411021288,3.329677111704784,12.997077
66046877505607424,2031.925695000129,1.257213261085478,19.46732,0.050549977,61.37864797627344,24.45335943772741,2.7590580545542567,12.734022
6491038642006989056,2233.9155494646366,0.6589612135429709,11.179071,0.11195273,344.87359360141295,-60.447819765415254,3.06596763650593,12.455497
2048563889694771200,2211.328964394191,0.6952700776616676,26.569338,0.12390913,293.73278263466136,36.81549303569944,1.418270273843525,15.611387
2980392087185289216,2153.073961184437,1.1568049048527964,5.4365506,0.15718699,71.82443580521229,-17.115173820189067,1.9558284394057246,12.471665
2385171398768647552,2198.8936487101623,4.795703050067139,21.776463,0.16211681,348.1571247285014,-22.674130028141565,5.00730124917113,11.968609
4911563216311083392,2147.1850556535505,4.879715024642561,16.063364,0.06591179,24.60516274398094,-55.77199769302551,6.632509755638045,10.425592
4890849134501995392,2279.4539336007338,0.7510044684765874,3.4742336,0.12579647,61.657801152702326,-25.349666010720725,1.4444519707618264,13.055236
6888469489370835840,2267.3974146266637,1.8564241557911152,10.987812,0.1248546,315.4771975280581,-13.433386402500913,4.337141743353721,11.031967
3167323052618369408,2234.0602944873604,1.1188936379707746,5.704634,0.15521623,108.8251182637983,14.26260625049161,2.4202319408034314,11.632562
3080104185367102592,2225.1919315972427,0.9289536266349583,6.8430867,0.027812915,130.5056380692002,3.7105663796078634,2.984291239605465,9.777479
4864759888238232320,2194.2894155911868,0.7211833175874977,5.442679,0.13433938,68.13647917292198,-38.96829648081579,1.3722971872388676,12.287657
1424011082893734272,2132.757598265346,1.8692287562151855,16.202944,0.1369602,246.69203834502113,51.04113442310046,1.7041715271840872,12.810718
2959177048983750016,2191.5047584964623,2.0285210053350102,5.400381,0.18950702,75.29966378017889,-26.054143307742184,2.064947092186636,12.060715
6081267254094015616,2155.5591135441496,2.0237589298362777,17.835192,0.10915402,194.14715112095345,-51.96164372591776,1.2333888967535698,12.558343
1820530778750452096,2152.6066256104154,1.0438086489984655,26.306282,0.017834878,299.0506418195177,17.56996243104592,3.213204389531469,15.017479
1048109222955337600,2222.8789929752766,0.5840916790299405,14.093775,0.05647169,160.74808819566132,60.96411641573864,4.663310152148793,13.673022
3767805209112436736,2180.2751414907093,4.849190185239065,45.4568,0.22481194,154.9081809845863,-9.806448296528222,11.47401081375137,11.893576
2685725036820337408,2289.843589887886,1.9465477974811671,13.151995,0.18717661,319.1818916152829,-1.943272869609448,2.252068116575531,11.867751
4136481216073713280,2282.080710905434,1.816695431010991,14.376711,0.11131524,259.16390260242804,-14.910795912534072,2.3569341217953705,12.563785
2862548428079638912,2241.9902328075786,0.6084871791751347,10.1417465,0.022051135,5.166952815807361,31.989972690933158,2.610845275642823,11.532242
1499514786891168640,2148.1128817419103,0.9325400525952589,15.020943,0.13578697,209.38861950302993,43.49330385067514,7.044821721615503,12.408207
5560886336446650240,2215.7155253875185,1.4977010289206067,7.5680504,0.058359344,108.30140689027668,-42.40976246788739,4.054882554800243,10.839993
111322601672419712,2081.3822317758713,0.5695669013282301,14.502844,0.00041597668,48.435475111904644,25.19735288979064,3.3127828783420603,12.832714
3661983850663908608,2330.193074955646,3.6938534278959807,8.949371,0.19790559,205.454244106587,-0.12817462704875876,3.9859231432763704,10.248079
2015499135507395328,2212.6376957151724,5.077688636132832,20.12873,0.115664646,352.5488292809441,61.80601817609214,1.613241474211706,12.544138
6766134630213144704,2218.2739988591034,6.755843804891231,13.57933,0.087883875,292.9397819391331,-26.740202154796933,2.018578844030722,12.370637
4593808272896243328,2173.711828120938,1.014661863933844,15.791803,0.027612837,264.273510744808,25.731145691692717,1.9023702023951379,13.08317
2910755484609597312,2194.1580432974165,5.213764337851929,19.296196,0.16399749,87.67956527298546,-27.623326613867086,3.447585472798696,12.873857
356348286886230272,2140.455008281434,0.7323807501043642,22.207325,0.017940735,31.042759398787133,46.68785164786019,3.493757310890448,11.129302
4955371367334610048,2153.3637285289615,0.9414777434661444,9.694234,0.0932716,24.3544669330396,-45.6777908467995,8.144292282321743,9.173881
3868603216762016256,2208.843943653288,1.4447735317488983,16.866518,0.066068806,160.60236437131712,7.43507673219884,5.364122899313626,11.585624
1835842749465226368,2143.843025268478,5.108817819556554,7.140887,0.10853415,305.44132799220523,26.692676097505817,2.886155653716607,10.210516
150054788545735424,2127.7297274695215,0.6806656910458428,5.891827,0.0987878,62.67042446994373,24.401652798725866,5.643499489174777,12.194623
5242077854771196544,2228.718715290482,1.0690385067670136,16.921284,0.1316909,163.1010311258504,-61.44685773483018,1.6897586183087543,15.429529
2878923523472328704,2178.7948097568446,0.7556579891940908,13.847685,0.021668196,358.51513344196115,37.021824047061706,1.5271808771585407,12.915158
6441034841743467776,2348.524755811319,1.6963816180087874,6.2787232,0.17774193,296.68844799945737,-63.565650647608095,1.8779426167835715,12.447877
6803000980210856704,2196.7372801165716,1.0836819176835215,8.024369,0.10654829,316.9614803889059,-26.096721913305647,2.277736150332804,13.668406
934346809278715776,2159.609922493473,2.212438328281599,12.307569,0.12879565,117.02676263913213,50.225125823268115,6.658820486337614,10.970856
4677436783705094912,2210.4720405650505,4.582951420714941,13.278762,0.22705494,67.9331683890834,-61.38584140389221,2.4553878976403167,12.440765
1612165353793791488,2204.9560600384784,0.5670734473529012,5.847618,0.06209081,216.52381956464575,59.44427436618638,3.1607012792992863,10.107541
5911182735242698496,2223.9386635337864,1.3485631060105456,19.279907,0.06651892,268.8907071324287,-61.747402434795575,1.9105518715097671,12.6769085
980773034927503104,2214.5093387932384,0.9196586227192465,17.48297,0.08834746,105.87855190748029,50.82895563462325,1.582405375575967,13.985871
2129256395211984000,2213.3577191898294,0.6295365981101311,5.5753307,0.042733416,292.24718620018575,47.96954406410182,2.9990652107930993,10.367682
5262709709389254528,2187.6966618735737,1.9523242420101128,7.7840447,0.16396564,112.96541361189122,-73.60603193934179,2.9856266866916528,11.338948
6003809889735481856,2148.288861850781,1.0598721794151627,10.998869,0.042738672,227.27032703913974,-42.70496654225058,2.424837486926974,9.91579
1644692064543192704,2220.569436576768,0.8618683582269645,21.572851,0.016948784,232.14664092144804,66.35870797886518,7.871302223313952,10.185309
181908842994567936,2319.993730827837,2.735080137848039,7.9460397,0.14000304,78.29559292626563,33.317946334241604,7.379170208091291,8.461335
3026325426682637824,2288.265530024029,3.052223544852425,17.496927,0.12625238,90.64366668378928,-0.5771154807798577,2.714803824992596,12.993106
3643098875168270592,2175.711546207826,0.5125419003003495,20.831198,0.033906687,217.32664509187305,-3.4444993012145813,4.643469078192418,11.880778
5795534040654879744,2218.3779786661607,0.599592277251469,14.124009,0.0003954614,227.65866390370456,-71.36163735973503,6.362564450384594,11.0814705
4851398799032507776,2178.702390752688,1.6605503063715314,14.597267,0.09388504,49.562170146171425,-41.3020200815678,4.698437590679656,12.264109
6857756246957592320,2141.652678083852,5.5060015416804315,21.220577,0.2641554,313.9000283476707,-18.971417599419965,3.4800799728672187,12.981015
1982512068675148032,2251.259456418779,3.9815257206561556,20.88388,0.08888432,339.4742357421139,44.965225870789,2.0033031764396605,13.084142
5557345496687437696,2217.7962295898396,7.080648587410607,22.229685,0.0906062,101.1275017000872,-42.762241713299375,4.859794581696338,12.313561
5592019557950033536,2224.3489681689302,7.751337105650724,15.645703,0.21745913,114.28338085873088,-32.75541867529386,1.6325274337955986,13.336108
602494855483616256,2174.714679620962,2.776004219526414,6.4967017,0.10184701,127.88291015367912,11.922254670917782,2.086038492064166,14.262713
5735158757648658048,2290.1056439912427,2.3387436269236166,17.366518,0.10409624,131.5249229809058,-13.202869783539938,1.5091216540231656,12.837356
6638230431120193280,2175.6919507920047,1.6702856188408217,17.37664,0.0004170362,285.09651807592354,-54.89334604347212,2.835780580308517,12.448839
5594445630358459648,2233.365710116173,0.9992705325112669,9.89857,0.13620391,118.7370616596675,-32.35624765087968,2.320248345182945,12.774029
4439085988769170432,2141.2869177886464,1.614700230902133,16.389153,0.08004323,249.3148587222338,7.1833761500126165,1.8332237639995481,12.192057
5444147952811517696,2223.6811488105336,2.1233676611105214,6.514428,0.18091176,158.22503202357495,-34.98990921507403,1.9962446432741756,11.588525
1242084170974175232,2191.8844946821832,0.6155778121133402,8.538517,0.04844641,218.27662916581795,21.89468654650299,6.220461240162806,9.652651
5058575995484206592,2208.108617856896,0.5689220633665394,24.73456,0.022978894,49.64425442486826,-29.37623181529435,2.8812611658973415,13.512082
5086537022856406272,1967.3481318609959,3.532195966232207,12.345267,0.16121632,52.818037740923714,-23.819796073878564,3.1531536473245616,11.584857
5401743332678544640,2156.48807383774,1.5052986512524085,6.9791484,0.17047481,166.318795494037,-34.122744370376864,1.825338231999119,12.696447
123376685084303360,2184.2698977838945,1.3879250520471893,23.59697,0.15722665,47.368947889327416,30.67337557168549,7.699678840356039,11.559401
5489780919480009472,2198.1716503491134,0.8786110915864201,8.731727,0.07817364,117.4149754464524,-52.12044734779312,3.1589471330056202,11.069369
3545873945303316224,2204.3506537606972,3.022152376922844,16.431171,0.06968932,169.4388560446997,-19.05477789942288,2.5757709077167923,11.808523
3450611154067089408,2412.5892379854326,0.8847834934791456,20.627348,0.042738006,90.91649656866566,32.33759512286162,7.8580382970095055,9.33441
3107255598526406912,2230.2883519001116,1.983064628076229,25.907667,0.070994355,100.76568737114494,-1.2964442083205647,0.8740815887138829,15.331723
2564784633279953536,2212.242257084966,0.5436998776675275,16.775932,0.03926037,19.610149402751958,6.816722832631576,4.25031425847651,13.504044
675443053940533760,2065.347681779225,9.086778736937756,30.692337,0.26370984,118.48314655010398,23.938218977325047,4.936619389314931,13.530042
4513959402068710656,2184.26303865613,1.330831370357062,13.4127445,0.0889794,286.0317206699118,17.003202129394865,1.3642201758384949,12.789738
2930070089987088384,2172.4706217120424,1.6114996615850712,20.090097,0.09818775,109.930149757948,-20.09042093129358,0.8495821774685788,13.521273
5578530470116727936,2209.5676797731785,1.530432653311091,10.30823,0.12091116,106.45013687449081,-35.25613612184501,1.409818012989008,12.6354265
3215209257907330560,2297.357707036841,5.712327202102137,14.272902,0.1462494,79.61806296128609,-1.0789390276772466,2.8174062272687888,13.495725
6858088299469303168,2164.1408575972164,8.88494002665482,21.700882,0.30719748,311.09200675902173,-19.437526435057652,0.8854935203151415,14.641256
128623485853170432,2222.654394948407,0.5064393766744152,14.866075,0.027899176,42.72174358638058,29.022245370642498,2.739418111103455,13.775227
435993129634439936,2046.8016392683367,1.1394712853236098,27.129784,0.049932953,47.063557089957264,48.548992209252376,1.1918963050917422,13.352586
1107980654748582144,2225.248924720177,3.691671588895452,16.430065,0.096978284,110.73533317261358,67.25265992469289,4.8259030999939885,11.199169
651935220461650560,2115.2254062620136,1.345026093506214,7.1520863,0.073319055,125.61740338196465,13.735309027504545,4.390696748199278,9.21627
1744911763437512064,2254.29540011851,2.1490587122840195,6.5423512,0.14046074,317.5515255375414,10.738897370652337,5.488881766925007,8.253352
3483606402800185728,2123.9550559362206,0.5475371777743708,1.9467468,0.12228559,174.0098732770133,-29.54336557615573,4.304834622653014,13.111261
5385076140853434752,2222.6854054647993,0.6213688756330196,8.385065,0.009887359,176.24022887012694,-38.139715882710085,1.5272951339932286,12.557459
415703635408772480,2248.1172002823637,0.7706416362263221,8.787757,0.013483679,9.458742700482865,51.28877830630163,2.688161888538588,10.984386
6535499658122055552,2124.9981549587737,1.3085922164934964,10.310173,0.1347836,353.5629167519506,-42.06179163682205,3.6622699570854516,12.30534
3211188618762023424,2264.503728160162,9.196247930844216,16.807976,0.3071972,76.08189413500658,-6.229778550363113,4.941079283399811,10.854834
893550942158776832,2191.803185114907,0.8686210640608034,10.398914,0.07419876,113.18423829688207,33.83502109507552,2.5186166991819907,11.024397
6076338109120572032,2193.2477077089356,7.138268256121066,19.674204,0.18605964,185.09234769724074,-53.76627523557812,1.3565641615656567,12.962642
3096441729861716224,2144.0965787439854,2.280657741692704,9.46957,0.10495891,123.94984068652268,5.836870228936502,4.803689564557499,10.304191
4244243354278985472,2266.447256643771,0.8717711775013295,14.199815,0.09981279,304.2079961441892,3.293946996609964,2.484234267649633,12.324752
5089851638095503616,2202.694627993309,0.6962576153176675,6.2450957,0.06557837,63.75626615164247,-22.116389174436108,1.3851073378696652,12.176885
5481880275596734592,2213.403709925653,2.1446801209599586,23.894258,0.1923769,97.25144642045677,-60.0712058878235,2.9707120047019986,12.865808
2991284369063612928,2202.919699414969,0.9048299824462983,12.57798,0.00039937024,91.08972726581673,-16.965392673975465,5.131515401849161,11.289128
6061984878216187904,2221.535941390937,2.2358359790725753,13.835761,0.10730532,199.15448423954786,-59.03051469925187,1.2799251796308386,13.051271
1761329598050642432,2305.5041436531783,6.047411707789066,18.19269,0.09518557,311.4662858369556,13.840618468820415,3.3593610290981215,13.425842
5345417757181174144,2202.348946244045,2.8316579357213647,11.902716,0.18627085,175.62700255088967,-52.62741333170776,1.6767971413530434,12.568584
5608644895310998272,2202.091165378137,0.885457250123964,8.638867,0.11435734,102.84742225894415,-29.058656002864822,2.5740693276546374,12.320423
4899428146994060800,2148.482853318764,0.9214976179286576,7.0275464,0.10543378,67.22284654555429,-21.48205982003797,4.048242811639667,12.420038
3603529272750802560,2250.1959119557705,0.55771515256298,18.960358,0.037006296,203.75819687335004,-17.503496550494575,3.419421566233377,11.767486
4606030169272920320,2209.702479253144,0.5236287472182223,9.805951,0.020046357,274.4055355848893,36.621462460816105,3.2184425390915,11.815647
4224807772566402560,2216.0450938280837,16.331863465621428,8.531446,0.36848313,309.5426857013786,-3.395280721569209,2.158266966561936,12.3064165
323386882492982144,2239.6946478078617,1.3666056249487524,16.06202,0.1571074,21.871101210850217,38.968113285754754,1.448878118737993,13.509504
328636019723252096,2151.1323858659403,1.3500013500013501,7.4122243,0.16554403,36.712737278545035,37.55044282375837,8.223839780109072,8.083327
6482103014085857024,2115.83389210073,1.132579790246223,11.204232,0.04680065,309.5112349068854,-48.462084048180124,1.7844474941277721,11.472745
4609131509318715136,2235.2021904779776,5.843510781277391,9.706518,0.26183575,268.0291063197835,37.5463315901179,4.310588771172269,12.191129
2128273225659492608,2248.062741801109,2.340659597874681,19.100183,0.09239251,292.85571853993173,46.39118878584133,1.263788169361318,14.26866
2128525460498487424,2236.987478222943,1.1396790663749088,10.513666,0.075602844,295.02566159598985,46.95595242312038,0.6364568844693853,14.804554
2141754578242371584,2188.5498987105816,0.6014531107154887,8.83487,0.054011907,291.1623880477045,55.47302333003404,2.1638737820074745,11.518899
6386751579018596864,2189.210862412183,0.8727374282173465,16.338423,0.052607622,357.84647350495493,-70.15286236046585,6.614766252955382,11.617521
2881784280929695360,2359.0573873735707,1.2175374088368864,7.385643,0.09272897,0.3620976631689815,39.38379417761384,3.68363638949412,10.592974
3231856379348299008,2192.1251831797813,0.5221195967148234,7.0824223,0.03015735,72.66058935413146,1.893833899140841,3.6298706563671286,9.90371
6806639397331208320,2152.64662007948,6.7736909842173,16.461012,0.14695604,312.4493079599476,-24.303507152431468,1.9168651150957683,13.820241
2086636884980514304,2192.8288611780413,2.196836555360281,8.742594,0.14251897,296.83724772236945,48.239970653013465,1.710783243318255,13.158453
5565050255701441664,2241.863245419292,0.570893562604188,18.695265,0.053010806,107.6002305111459,-39.09726684655957,3.7996308899486766,10.3751955
1622997463177004928,2203.543213571711,0.851375396953779,12.794455,0.13311236,241.96742045061492,57.81744808335909,2.60141790853546,12.314956
6661242835829891584,2407.5505971096486,0.6629892860931367,18.24246,0.0014525332,284.3997639182336,-49.13851339440683,1.8814160871889793,13.77954
2244830490514284928,2188.528360513623,0.5413130088342283,8.21445,0.10421406,303.381873890844,65.1623392385629,5.3389300067324585,12.464713
4441830580248083328,2336.4537215641744,1.0143942544709428,12.290964,0.027892005,252.47306046900266,6.890104240292849,2.055271226882002,12.6708975
6032746832450438400,2220.7730595707703,0.5449383402268033,13.93215,0.08713316,253.7688465687799,-28.71058441058986,3.25423334258078,11.466937
4224062406762625152,2183.657499467474,0.7863427982794821,8.441566,0.036372088,304.53884318870575,-1.0760122928804563,6.690014702068431,9.578344
2177849036734191744,2223.768611093966,3.8095238095238093,12.97232,0.19397886,321.3774871499652,55.722933927582126,2.7693836872460755,11.0653305
4609062308806929152,2220.4165070197,0.8225104664456856,12.874332,0.059195377,268.30433503422995,37.21173673367706,1.9686113843381863,11.4699135
5622845431584511744,2212.366107493997,2.566405748748877,15.022726,0.15857762,137.3907204247036,-37.79684051492258,1.6805443000962221,13.115261
385697172809355392,2236.9394899086715,1.7559262510974538,23.671852,0.1769496,4.8592751927626,44.02759527095855,3.056659633286197,13.400405
6445881974332225536,2197.7473603956364,0.8490982576503753,13.325004,0.00040245347,289.29742997177544,-60.891762410848614,2.355288223219806,13.7523365
6220602384081327104,2198.6926223009436,0.6224634613948161,7.329216,0.08050382,215.1227581711482,-31.202069907166052,2.7763696114929735,10.862703
5836096154165283712,2193.439023447392,1.6157177018031408,16.222982,0.07481702,238.9861989393938,-56.09047508754786,1.9515966978381463,12.822049
6681720724498802176,2123.241859145054,1.6675282229151729,9.175162,0.023387041,311.04276123778305,-39.225493687433705,6.1902092345244855,9.3836775
2907577758566408960,2198.0044451544586,0.7844736965969531,14.858965,0.03490445,84.32675552537218,-27.97257572707104,2.2712937562195292,14.147024
1316708918505350528,2230.6428917944845,9.827044025157232,23.429375,0.23144929,240.5492718323535,28.169626854398295,6.148872122507193,11.003223
6910753016653587840,2258.8772266411697,2.2917382834880256,12.813456,0.1955616,315.0259708078886,-5.094870064224304,19.88583374286539,9.491504
5631530950664938240,2278.1879666170835,1.3665495989176926,24.136412,0.08470968,140.08758615109937,-31.26920865970099,1.7832097488755594,13.614754
4990044668377961984,2310.817892952026,3.4254787106498132,15.01952,0.10572684,1.0465749110529816,-47.36063493404065,2.858990048504994,12.372176
2926039005480063616,2262.6521890873278,3.216985684413704,13.397586,0.073786914,101.99424505751193,-21.91071068256136,1.254845700447222,13.2253
3105507886130792448,2228.4228186617993,0.5970256183692842,20.869064,0.040210117,102.07985829449773,-3.1021393407606364,1.3000094915494622,13.445355
2100959501399885696,2229.172027535959,1.7207853664412436,9.085894,0.12423635,289.7917597933761,39.2852657304715,2.8446094280496306,12.94631
1506159170017461888,2175.0653588703467,0.6974327500470767,11.073529,0.0626819,213.1438544482175,47.0147841152538,2.8705094191000224,12.963092
5432318139709900160,2259.3593713378414,3.5497497426431432,24.376554,0.08769723,146.98834515701554,-38.229150071886664,3.56212919093385,13.809506
4177560894633502720,2299.2473605414784,0.654505946186521,7.5171175,0.037258632,270.4441824571146,-2.970980651056183,3.325187865127393,11.677935
4334991786994866304,2232.4980094011094,0.5573328280182359,19.560528,0.034142964,256.5375548850727,-10.413007928228588,3.8179280381011926,12.238892
1541532207133249920,2188.5534833877314,1.0172836491999064,16.395031,0.14820908,188.2662025438521,44.915368399352566,3.4055440427932613,12.085042
3070964117005132416,2241.0676930822137,0.7570423868032371,14.465623,0.00039742046,123.39224456462085,-1.982787825199904,3.9752155414812806,10.912646
6614751532833886464,2231.819236208206,1.8275187777554416,26.988842,0.017038656,332.71433724352545,-30.74972095141563,2.1036145659813115,12.564566
5136559128264765184,2208.2362481225778,1.1915968589506798,13.528182,0.09312397,31.90916263471076,-20.66184185243526,4.984558021887604,12.336133
4895643593611507584,2214.594631503939,1.2161455482992205,19.140873,0.0075700055,64.87315146759602,-25.95987258471689,1.6147596994367164,12.317007
2196955937473897856,2232.9008262727234,2.3186255187924596,13.382467,0.19307071,311.8616148277357,63.410532840716186,2.4995372248128307,13.276879
2135184068555793024,2236.647096699297,1.986531317666223,14.278385,0.13741435,294.9963424697408,50.47004556288302,0.844164839115252,14.885454
990291507088739072,2247.144729422472,0.5649366423555598,9.142144,0.074854776,110.38802395728368,58.26811026231359,3.781159832799732,10.515098
6518399301667782016,2208.24635852164,1.0169112338184,10.186416,0.05442195,337.45784341160885,-48.003099770588015,7.237898245279401,9.940329
5750936092375254016,2220.5460328575336,2.1795514483119374,23.166489,0.09220473,131.5803891336058,-8.026986602122715,2.6493474337227347,12.617636
4859136199796131200,2203.6674414064573,0.5371809816445259,16.111534,0.011479677,58.42901702034957,-34.32827332870249,3.571727586930456,12.857579
1748596020745038208,2244.28182910381,0.6680249841344066,12.774985,0.03997108,307.7255594999332,6.42932372868927,6.577667738477687,11.572286
6771149120491232768,2249.900048718627,1.2784454103809768,13.338155,0.12485035,289.4007606341754,-22.39001198848262,1.107049574632589,13.822126
4290415081653653632,2124.5318571453217,2.3314370978271004,12.752394,0.051781494,297.3226518677282,4.6724113757546615,2.8476906499747314,10.94028
2107314266289095296,2196.8494730380044,1.5205194094302614,10.462903,0.051001865,285.2408282018412,46.66824108470942,0.9846353520730871,13.876887
3558354604869150208,2114.9608411318486,2.1462451441203614,8.164105,0.16722687,168.29290883867836,-17.657780395352713,3.2496193314579513,12.056172
3778075717162985600,2250.863014541096,0.567520785448767,11.183953,0.09331221,160.5587672692607,-3.8349964512528536,6.224068869308318,10.058199
5723772524469252096,2240.310206561902,1.2270691453463403,5.468717,0.13891381,127.38722781026459,-12.944768774965542,1.6080121654552955,11.712609
